--
-- PostgreSQL database dump
--

\restrict KYdpKqgLTNaGMCs8IhoxJd7KEoaqXjq7hwak3cL0tieZdMnY2lt2c0ZyFFnipc9

-- Dumped from database version 18.3 (Postgres.app)
-- Dumped by pg_dump version 18.3 (Postgres.app)

SET statement_timeout = 0;
SET lock_timeout = 0;
SET idle_in_transaction_session_timeout = 0;
SET transaction_timeout = 0;
SET client_encoding = 'UTF8';
SET standard_conforming_strings = on;
SELECT pg_catalog.set_config('search_path', '', false);
SET check_function_bodies = false;
SET xmloption = content;
SET client_min_messages = warning;
SET row_security = off;

SET default_tablespace = '';

SET default_table_access_method = heap;

--
-- Name: auth_group; Type: TABLE; Schema: public; Owner: postgres
--

CREATE TABLE public.auth_group (
    id integer NOT NULL,
    name character varying(150) NOT NULL
);


ALTER TABLE public.auth_group OWNER TO postgres;

--
-- Name: auth_group_id_seq; Type: SEQUENCE; Schema: public; Owner: postgres
--

ALTER TABLE public.auth_group ALTER COLUMN id ADD GENERATED BY DEFAULT AS IDENTITY (
    SEQUENCE NAME public.auth_group_id_seq
    START WITH 1
    INCREMENT BY 1
    NO MINVALUE
    NO MAXVALUE
    CACHE 1
);


--
-- Name: auth_group_permissions; Type: TABLE; Schema: public; Owner: postgres
--

CREATE TABLE public.auth_group_permissions (
    id bigint NOT NULL,
    group_id integer NOT NULL,
    permission_id integer NOT NULL
);


ALTER TABLE public.auth_group_permissions OWNER TO postgres;

--
-- Name: auth_group_permissions_id_seq; Type: SEQUENCE; Schema: public; Owner: postgres
--

ALTER TABLE public.auth_group_permissions ALTER COLUMN id ADD GENERATED BY DEFAULT AS IDENTITY (
    SEQUENCE NAME public.auth_group_permissions_id_seq
    START WITH 1
    INCREMENT BY 1
    NO MINVALUE
    NO MAXVALUE
    CACHE 1
);


--
-- Name: auth_permission; Type: TABLE; Schema: public; Owner: postgres
--

CREATE TABLE public.auth_permission (
    id integer NOT NULL,
    name character varying(255) NOT NULL,
    content_type_id integer NOT NULL,
    codename character varying(100) NOT NULL
);


ALTER TABLE public.auth_permission OWNER TO postgres;

--
-- Name: auth_permission_id_seq; Type: SEQUENCE; Schema: public; Owner: postgres
--

ALTER TABLE public.auth_permission ALTER COLUMN id ADD GENERATED BY DEFAULT AS IDENTITY (
    SEQUENCE NAME public.auth_permission_id_seq
    START WITH 1
    INCREMENT BY 1
    NO MINVALUE
    NO MAXVALUE
    CACHE 1
);


--
-- Name: auth_user; Type: TABLE; Schema: public; Owner: postgres
--

CREATE TABLE public.auth_user (
    id integer NOT NULL,
    password character varying(128) NOT NULL,
    last_login timestamp with time zone,
    is_superuser boolean NOT NULL,
    username character varying(150) NOT NULL,
    first_name character varying(150) NOT NULL,
    last_name character varying(150) NOT NULL,
    email character varying(254) NOT NULL,
    is_staff boolean NOT NULL,
    is_active boolean NOT NULL,
    date_joined timestamp with time zone NOT NULL
);


ALTER TABLE public.auth_user OWNER TO postgres;

--
-- Name: auth_user_groups; Type: TABLE; Schema: public; Owner: postgres
--

CREATE TABLE public.auth_user_groups (
    id bigint NOT NULL,
    user_id integer NOT NULL,
    group_id integer NOT NULL
);


ALTER TABLE public.auth_user_groups OWNER TO postgres;

--
-- Name: auth_user_groups_id_seq; Type: SEQUENCE; Schema: public; Owner: postgres
--

ALTER TABLE public.auth_user_groups ALTER COLUMN id ADD GENERATED BY DEFAULT AS IDENTITY (
    SEQUENCE NAME public.auth_user_groups_id_seq
    START WITH 1
    INCREMENT BY 1
    NO MINVALUE
    NO MAXVALUE
    CACHE 1
);


--
-- Name: auth_user_id_seq; Type: SEQUENCE; Schema: public; Owner: postgres
--

ALTER TABLE public.auth_user ALTER COLUMN id ADD GENERATED BY DEFAULT AS IDENTITY (
    SEQUENCE NAME public.auth_user_id_seq
    START WITH 1
    INCREMENT BY 1
    NO MINVALUE
    NO MAXVALUE
    CACHE 1
);


--
-- Name: auth_user_user_permissions; Type: TABLE; Schema: public; Owner: postgres
--

CREATE TABLE public.auth_user_user_permissions (
    id bigint NOT NULL,
    user_id integer NOT NULL,
    permission_id integer NOT NULL
);


ALTER TABLE public.auth_user_user_permissions OWNER TO postgres;

--
-- Name: auth_user_user_permissions_id_seq; Type: SEQUENCE; Schema: public; Owner: postgres
--

ALTER TABLE public.auth_user_user_permissions ALTER COLUMN id ADD GENERATED BY DEFAULT AS IDENTITY (
    SEQUENCE NAME public.auth_user_user_permissions_id_seq
    START WITH 1
    INCREMENT BY 1
    NO MINVALUE
    NO MAXVALUE
    CACHE 1
);


--
-- Name: django_admin_log; Type: TABLE; Schema: public; Owner: postgres
--

CREATE TABLE public.django_admin_log (
    id integer NOT NULL,
    action_time timestamp with time zone NOT NULL,
    object_id text,
    object_repr character varying(200) NOT NULL,
    action_flag smallint NOT NULL,
    change_message text NOT NULL,
    content_type_id integer,
    user_id integer NOT NULL,
    CONSTRAINT django_admin_log_action_flag_check CHECK ((action_flag >= 0))
);


ALTER TABLE public.django_admin_log OWNER TO postgres;

--
-- Name: django_admin_log_id_seq; Type: SEQUENCE; Schema: public; Owner: postgres
--

ALTER TABLE public.django_admin_log ALTER COLUMN id ADD GENERATED BY DEFAULT AS IDENTITY (
    SEQUENCE NAME public.django_admin_log_id_seq
    START WITH 1
    INCREMENT BY 1
    NO MINVALUE
    NO MAXVALUE
    CACHE 1
);


--
-- Name: django_content_type; Type: TABLE; Schema: public; Owner: postgres
--

CREATE TABLE public.django_content_type (
    id integer NOT NULL,
    app_label character varying(100) NOT NULL,
    model character varying(100) NOT NULL
);


ALTER TABLE public.django_content_type OWNER TO postgres;

--
-- Name: django_content_type_id_seq; Type: SEQUENCE; Schema: public; Owner: postgres
--

ALTER TABLE public.django_content_type ALTER COLUMN id ADD GENERATED BY DEFAULT AS IDENTITY (
    SEQUENCE NAME public.django_content_type_id_seq
    START WITH 1
    INCREMENT BY 1
    NO MINVALUE
    NO MAXVALUE
    CACHE 1
);


--
-- Name: django_migrations; Type: TABLE; Schema: public; Owner: postgres
--

CREATE TABLE public.django_migrations (
    id bigint NOT NULL,
    app character varying(255) NOT NULL,
    name character varying(255) NOT NULL,
    applied timestamp with time zone NOT NULL
);


ALTER TABLE public.django_migrations OWNER TO postgres;

--
-- Name: django_migrations_id_seq; Type: SEQUENCE; Schema: public; Owner: postgres
--

ALTER TABLE public.django_migrations ALTER COLUMN id ADD GENERATED BY DEFAULT AS IDENTITY (
    SEQUENCE NAME public.django_migrations_id_seq
    START WITH 1
    INCREMENT BY 1
    NO MINVALUE
    NO MAXVALUE
    CACHE 1
);


--
-- Name: django_session; Type: TABLE; Schema: public; Owner: postgres
--

CREATE TABLE public.django_session (
    session_key character varying(40) NOT NULL,
    session_data text NOT NULL,
    expire_date timestamp with time zone NOT NULL
);


ALTER TABLE public.django_session OWNER TO postgres;

--
-- Name: doctor_doctorprofile; Type: TABLE; Schema: public; Owner: postgres
--

CREATE TABLE public.doctor_doctorprofile (
    id bigint NOT NULL,
    first_name character varying(100) NOT NULL,
    last_name character varying(100) NOT NULL,
    email character varying(254) NOT NULL,
    phone_number integer NOT NULL,
    doctor_id integer NOT NULL,
    accepting_patients boolean NOT NULL,
    send_lab_results boolean NOT NULL,
    has_meeting boolean NOT NULL,
    user_id integer NOT NULL
);


ALTER TABLE public.doctor_doctorprofile OWNER TO postgres;

--
-- Name: doctor_doctorprofile_id_seq; Type: SEQUENCE; Schema: public; Owner: postgres
--

ALTER TABLE public.doctor_doctorprofile ALTER COLUMN id ADD GENERATED BY DEFAULT AS IDENTITY (
    SEQUENCE NAME public.doctor_doctorprofile_id_seq
    START WITH 1
    INCREMENT BY 1
    NO MINVALUE
    NO MAXVALUE
    CACHE 1
);


--
-- Name: doctor_prescription; Type: TABLE; Schema: public; Owner: postgres
--

CREATE TABLE public.doctor_prescription (
    id bigint NOT NULL,
    medication character varying(200) NOT NULL,
    dosage character varying(100) NOT NULL,
    frequency character varying(100) NOT NULL,
    duration character varying(100) NOT NULL,
    instructions text NOT NULL,
    prescribed_at timestamp with time zone NOT NULL,
    doctor_id bigint NOT NULL,
    patient_id bigint NOT NULL
);


ALTER TABLE public.doctor_prescription OWNER TO postgres;

--
-- Name: doctor_prescription_id_seq; Type: SEQUENCE; Schema: public; Owner: postgres
--

ALTER TABLE public.doctor_prescription ALTER COLUMN id ADD GENERATED BY DEFAULT AS IDENTITY (
    SEQUENCE NAME public.doctor_prescription_id_seq
    START WITH 1
    INCREMENT BY 1
    NO MINVALUE
    NO MAXVALUE
    CACHE 1
);


--
-- Name: doctor_teamscall; Type: TABLE; Schema: public; Owner: postgres
--

CREATE TABLE public.doctor_teamscall (
    id bigint NOT NULL,
    title character varying(200) NOT NULL,
    scheduled_at timestamp with time zone NOT NULL,
    join_url character varying(200) NOT NULL,
    teams_meeting_id character varying(300) NOT NULL,
    status character varying(20) NOT NULL,
    created_at timestamp with time zone NOT NULL,
    doctor_id bigint NOT NULL,
    patient_id bigint NOT NULL
);


ALTER TABLE public.doctor_teamscall OWNER TO postgres;

--
-- Name: doctor_teamscall_id_seq; Type: SEQUENCE; Schema: public; Owner: postgres
--

ALTER TABLE public.doctor_teamscall ALTER COLUMN id ADD GENERATED BY DEFAULT AS IDENTITY (
    SEQUENCE NAME public.doctor_teamscall_id_seq
    START WITH 1
    INCREMENT BY 1
    NO MINVALUE
    NO MAXVALUE
    CACHE 1
);


--
-- Name: patients_conversation; Type: TABLE; Schema: public; Owner: postgres
--

CREATE TABLE public.patients_conversation (
    id bigint NOT NULL,
    created_at timestamp with time zone NOT NULL,
    updated_at timestamp with time zone NOT NULL,
    participant_id integer NOT NULL,
    patient_id bigint NOT NULL
);


ALTER TABLE public.patients_conversation OWNER TO postgres;

--
-- Name: patients_conversation_id_seq; Type: SEQUENCE; Schema: public; Owner: postgres
--

ALTER TABLE public.patients_conversation ALTER COLUMN id ADD GENERATED BY DEFAULT AS IDENTITY (
    SEQUENCE NAME public.patients_conversation_id_seq
    START WITH 1
    INCREMENT BY 1
    NO MINVALUE
    NO MAXVALUE
    CACHE 1
);


--
-- Name: patients_inappnotification; Type: TABLE; Schema: public; Owner: postgres
--

CREATE TABLE public.patients_inappnotification (
    id bigint NOT NULL,
    title character varying(100) NOT NULL,
    message text NOT NULL,
    is_read boolean NOT NULL,
    created_at timestamp with time zone NOT NULL,
    patient_id bigint NOT NULL
);


ALTER TABLE public.patients_inappnotification OWNER TO postgres;

--
-- Name: patients_inappnotification_id_seq; Type: SEQUENCE; Schema: public; Owner: postgres
--

ALTER TABLE public.patients_inappnotification ALTER COLUMN id ADD GENERATED BY DEFAULT AS IDENTITY (
    SEQUENCE NAME public.patients_inappnotification_id_seq
    START WITH 1
    INCREMENT BY 1
    NO MINVALUE
    NO MAXVALUE
    CACHE 1
);


--
-- Name: patients_journalentry; Type: TABLE; Schema: public; Owner: postgres
--

CREATE TABLE public.patients_journalentry (
    id bigint NOT NULL,
    text text NOT NULL,
    mood_score smallint,
    created_at timestamp with time zone NOT NULL,
    updated_at timestamp with time zone NOT NULL,
    patient_id bigint NOT NULL,
    CONSTRAINT patients_journalentry_mood_score_check CHECK ((mood_score >= 0))
);


ALTER TABLE public.patients_journalentry OWNER TO postgres;

--
-- Name: patients_journalentry_id_seq; Type: SEQUENCE; Schema: public; Owner: postgres
--

ALTER TABLE public.patients_journalentry ALTER COLUMN id ADD GENERATED BY DEFAULT AS IDENTITY (
    SEQUENCE NAME public.patients_journalentry_id_seq
    START WITH 1
    INCREMENT BY 1
    NO MINVALUE
    NO MAXVALUE
    CACHE 1
);


--
-- Name: patients_message; Type: TABLE; Schema: public; Owner: postgres
--

CREATE TABLE public.patients_message (
    id bigint NOT NULL,
    text text NOT NULL,
    "timestamp" timestamp with time zone NOT NULL,
    is_read boolean NOT NULL,
    conversation_id bigint NOT NULL,
    sender_id integer NOT NULL
);


ALTER TABLE public.patients_message OWNER TO postgres;

--
-- Name: patients_message_id_seq; Type: SEQUENCE; Schema: public; Owner: postgres
--

ALTER TABLE public.patients_message ALTER COLUMN id ADD GENERATED BY DEFAULT AS IDENTITY (
    SEQUENCE NAME public.patients_message_id_seq
    START WITH 1
    INCREMENT BY 1
    NO MINVALUE
    NO MAXVALUE
    CACHE 1
);


--
-- Name: patients_moodentry; Type: TABLE; Schema: public; Owner: postgres
--

CREATE TABLE public.patients_moodentry (
    id bigint NOT NULL,
    score smallint NOT NULL,
    note text NOT NULL,
    logged_at timestamp with time zone NOT NULL,
    date date NOT NULL,
    patient_id bigint NOT NULL,
    CONSTRAINT patients_moodentry_score_check CHECK ((score >= 0))
);


ALTER TABLE public.patients_moodentry OWNER TO postgres;

--
-- Name: patients_moodentry_id_seq; Type: SEQUENCE; Schema: public; Owner: postgres
--

ALTER TABLE public.patients_moodentry ALTER COLUMN id ADD GENERATED BY DEFAULT AS IDENTITY (
    SEQUENCE NAME public.patients_moodentry_id_seq
    START WITH 1
    INCREMENT BY 1
    NO MINVALUE
    NO MAXVALUE
    CACHE 1
);


--
-- Name: patients_patientprofile; Type: TABLE; Schema: public; Owner: postgres
--

CREATE TABLE public.patients_patientprofile (
    id bigint NOT NULL,
    height character varying(10) NOT NULL,
    weight character varying(10) NOT NULL,
    blood_type character varying(5) NOT NULL,
    date_of_birth date,
    allergies text NOT NULL,
    medical_conditions text NOT NULL,
    user_id integer NOT NULL,
    email_notifications boolean NOT NULL,
    lab_result_alerts boolean NOT NULL,
    large_text_mode boolean NOT NULL,
    notification_frequency character varying(50) NOT NULL,
    preferred_language character varying(50) NOT NULL,
    sms_alerts boolean NOT NULL,
    track_blood_pressure boolean NOT NULL,
    track_weight boolean NOT NULL,
    electronic_policy boolean NOT NULL,
    private_policy boolean NOT NULL,
    terms_agreed boolean NOT NULL,
    email character varying(254) NOT NULL,
    first_name character varying(50) NOT NULL,
    last_name character varying(50) NOT NULL,
    phone_number character varying(15) NOT NULL,
    prescription_alerts boolean NOT NULL
);


ALTER TABLE public.patients_patientprofile OWNER TO postgres;

--
-- Name: patients_patientprofile_id_seq; Type: SEQUENCE; Schema: public; Owner: postgres
--

ALTER TABLE public.patients_patientprofile ALTER COLUMN id ADD GENERATED BY DEFAULT AS IDENTITY (
    SEQUENCE NAME public.patients_patientprofile_id_seq
    START WITH 1
    INCREMENT BY 1
    NO MINVALUE
    NO MAXVALUE
    CACHE 1
);


--
-- Name: receptionist_appointment; Type: TABLE; Schema: public; Owner: postgres
--

CREATE TABLE public.receptionist_appointment (
    id bigint NOT NULL,
    appointment_type character varying(20) NOT NULL,
    title character varying(200) NOT NULL,
    scheduled_at timestamp with time zone NOT NULL,
    duration_minutes smallint NOT NULL,
    location character varying(100) NOT NULL,
    notes text NOT NULL,
    status character varying(20) NOT NULL,
    created_at timestamp with time zone NOT NULL,
    updated_at timestamp with time zone NOT NULL,
    doctor_id bigint NOT NULL,
    patient_id bigint NOT NULL,
    created_by_id bigint,
    meeting_format character varying(10) NOT NULL,
    room_name character varying(100) NOT NULL,
    cancellation_reason text NOT NULL,
    is_archived boolean NOT NULL,
    CONSTRAINT receptionist_appointment_duration_minutes_check CHECK ((duration_minutes >= 0))
);


ALTER TABLE public.receptionist_appointment OWNER TO postgres;

--
-- Name: receptionist_appointment_id_seq; Type: SEQUENCE; Schema: public; Owner: postgres
--

ALTER TABLE public.receptionist_appointment ALTER COLUMN id ADD GENERATED BY DEFAULT AS IDENTITY (
    SEQUENCE NAME public.receptionist_appointment_id_seq
    START WITH 1
    INCREMENT BY 1
    NO MINVALUE
    NO MAXVALUE
    CACHE 1
);


--
-- Name: receptionist_appointmentrequest; Type: TABLE; Schema: public; Owner: postgres
--

CREATE TABLE public.receptionist_appointmentrequest (
    id bigint NOT NULL,
    appointment_type character varying(20) NOT NULL,
    preferred_date date,
    preferred_time time without time zone,
    notes text NOT NULL,
    status character varying(20) NOT NULL,
    created_at timestamp with time zone NOT NULL,
    updated_at timestamp with time zone NOT NULL,
    booked_appointment_id bigint,
    patient_id bigint NOT NULL,
    preferred_doctor_id bigint,
    meeting_format character varying(10) NOT NULL
);


ALTER TABLE public.receptionist_appointmentrequest OWNER TO postgres;

--
-- Name: receptionist_appointmentrequest_id_seq; Type: SEQUENCE; Schema: public; Owner: postgres
--

ALTER TABLE public.receptionist_appointmentrequest ALTER COLUMN id ADD GENERATED BY DEFAULT AS IDENTITY (
    SEQUENCE NAME public.receptionist_appointmentrequest_id_seq
    START WITH 1
    INCREMENT BY 1
    NO MINVALUE
    NO MAXVALUE
    CACHE 1
);


--
-- Name: receptionist_receptionistprofile; Type: TABLE; Schema: public; Owner: postgres
--

CREATE TABLE public.receptionist_receptionistprofile (
    id bigint NOT NULL,
    first_name character varying(100) NOT NULL,
    last_name character varying(100) NOT NULL,
    email character varying(254) NOT NULL,
    phone character varying(20) NOT NULL,
    user_id integer NOT NULL
);


ALTER TABLE public.receptionist_receptionistprofile OWNER TO postgres;

--
-- Name: receptionist_receptionistprofile_id_seq; Type: SEQUENCE; Schema: public; Owner: postgres
--

ALTER TABLE public.receptionist_receptionistprofile ALTER COLUMN id ADD GENERATED BY DEFAULT AS IDENTITY (
    SEQUENCE NAME public.receptionist_receptionistprofile_id_seq
    START WITH 1
    INCREMENT BY 1
    NO MINVALUE
    NO MAXVALUE
    CACHE 1
);


--
-- Name: scheduling_appointment; Type: TABLE; Schema: public; Owner: postgres
--

CREATE TABLE public.scheduling_appointment (
    id bigint NOT NULL,
    title character varying(255) NOT NULL,
    appointment_type character varying(20) NOT NULL,
    status character varying(20) NOT NULL,
    start_time timestamp with time zone NOT NULL,
    end_time timestamp with time zone NOT NULL,
    notes text NOT NULL,
    location character varying(255) NOT NULL,
    created_at timestamp with time zone NOT NULL,
    updated_at timestamp with time zone NOT NULL,
    doctor_id bigint NOT NULL,
    patient_id bigint NOT NULL,
    room_name character varying(100) NOT NULL
);


ALTER TABLE public.scheduling_appointment OWNER TO postgres;

--
-- Name: scheduling_appointment_id_seq; Type: SEQUENCE; Schema: public; Owner: postgres
--

ALTER TABLE public.scheduling_appointment ALTER COLUMN id ADD GENERATED BY DEFAULT AS IDENTITY (
    SEQUENCE NAME public.scheduling_appointment_id_seq
    START WITH 1
    INCREMENT BY 1
    NO MINVALUE
    NO MAXVALUE
    CACHE 1
);


--
-- Name: scheduling_meeting; Type: TABLE; Schema: public; Owner: postgres
--

CREATE TABLE public.scheduling_meeting (
    id bigint NOT NULL,
    title character varying(255) NOT NULL,
    status character varying(20) NOT NULL,
    start_time timestamp with time zone NOT NULL,
    end_time timestamp with time zone NOT NULL,
    location character varying(255) NOT NULL,
    notes text NOT NULL,
    recurrence character varying(20) NOT NULL,
    recurrence_end_date date,
    created_at timestamp with time zone NOT NULL,
    updated_at timestamp with time zone NOT NULL,
    doctor_id bigint NOT NULL
);


ALTER TABLE public.scheduling_meeting OWNER TO postgres;

--
-- Name: scheduling_meeting_attendees; Type: TABLE; Schema: public; Owner: postgres
--

CREATE TABLE public.scheduling_meeting_attendees (
    id bigint NOT NULL,
    meeting_id bigint NOT NULL,
    doctorprofile_id bigint NOT NULL
);


ALTER TABLE public.scheduling_meeting_attendees OWNER TO postgres;

--
-- Name: scheduling_meeting_attendees_id_seq; Type: SEQUENCE; Schema: public; Owner: postgres
--

ALTER TABLE public.scheduling_meeting_attendees ALTER COLUMN id ADD GENERATED BY DEFAULT AS IDENTITY (
    SEQUENCE NAME public.scheduling_meeting_attendees_id_seq
    START WITH 1
    INCREMENT BY 1
    NO MINVALUE
    NO MAXVALUE
    CACHE 1
);


--
-- Name: scheduling_meeting_id_seq; Type: SEQUENCE; Schema: public; Owner: postgres
--

ALTER TABLE public.scheduling_meeting ALTER COLUMN id ADD GENERATED BY DEFAULT AS IDENTITY (
    SEQUENCE NAME public.scheduling_meeting_id_seq
    START WITH 1
    INCREMENT BY 1
    NO MINVALUE
    NO MAXVALUE
    CACHE 1
);


--
-- Data for Name: auth_group; Type: TABLE DATA; Schema: public; Owner: postgres
--

COPY public.auth_group (id, name) FROM stdin;
1	Patient
2	Receptionist
3	Doctor
\.


--
-- Data for Name: auth_group_permissions; Type: TABLE DATA; Schema: public; Owner: postgres
--

COPY public.auth_group_permissions (id, group_id, permission_id) FROM stdin;
1	2	53
2	2	54
3	2	55
4	2	56
5	2	57
6	2	58
7	2	59
8	2	60
9	3	49
10	3	50
11	3	51
12	3	52
\.


--
-- Data for Name: auth_permission; Type: TABLE DATA; Schema: public; Owner: postgres
--

COPY public.auth_permission (id, name, content_type_id, codename) FROM stdin;
1	Can add log entry	1	add_logentry
2	Can change log entry	1	change_logentry
3	Can delete log entry	1	delete_logentry
4	Can view log entry	1	view_logentry
5	Can add permission	3	add_permission
6	Can change permission	3	change_permission
7	Can delete permission	3	delete_permission
8	Can view permission	3	view_permission
9	Can add group	2	add_group
10	Can change group	2	change_group
11	Can delete group	2	delete_group
12	Can view group	2	view_group
13	Can add user	4	add_user
14	Can change user	4	change_user
15	Can delete user	4	delete_user
16	Can view user	4	view_user
17	Can add content type	5	add_contenttype
18	Can change content type	5	change_contenttype
19	Can delete content type	5	delete_contenttype
20	Can view content type	5	view_contenttype
21	Can add session	6	add_session
22	Can change session	6	change_session
23	Can delete session	6	delete_session
24	Can view session	6	view_session
25	Can add patient profile	7	add_patientprofile
26	Can change patient profile	7	change_patientprofile
27	Can delete patient profile	7	delete_patientprofile
28	Can view patient profile	7	view_patientprofile
29	Can add doctor profile	8	add_doctorprofile
30	Can change doctor profile	8	change_doctorprofile
31	Can delete doctor profile	8	delete_doctorprofile
32	Can view doctor profile	8	view_doctorprofile
33	Can add in app notification	9	add_inappnotification
34	Can change in app notification	9	change_inappnotification
35	Can delete in app notification	9	delete_inappnotification
36	Can view in app notification	9	view_inappnotification
37	Can add message	11	add_message
38	Can change message	11	change_message
39	Can delete message	11	delete_message
40	Can view message	11	view_message
41	Can add conversation	10	add_conversation
42	Can change conversation	10	change_conversation
43	Can delete conversation	10	delete_conversation
44	Can view conversation	10	view_conversation
45	Can add mood entry	12	add_moodentry
46	Can change mood entry	12	change_moodentry
47	Can delete mood entry	12	delete_moodentry
48	Can view mood entry	12	view_moodentry
49	Can add teams call	13	add_teamscall
50	Can change teams call	13	change_teamscall
51	Can delete teams call	13	delete_teamscall
52	Can view teams call	13	view_teamscall
53	Can add appointment	14	add_appointment
54	Can change appointment	14	change_appointment
55	Can delete appointment	14	delete_appointment
56	Can view appointment	14	view_appointment
57	Can add receptionist profile	15	add_receptionistprofile
58	Can change receptionist profile	15	change_receptionistprofile
59	Can delete receptionist profile	15	delete_receptionistprofile
60	Can view receptionist profile	15	view_receptionistprofile
61	Can add appointment request	16	add_appointmentrequest
62	Can change appointment request	16	change_appointmentrequest
63	Can delete appointment request	16	delete_appointmentrequest
64	Can view appointment request	16	view_appointmentrequest
65	Can add prescription	17	add_prescription
66	Can change prescription	17	change_prescription
67	Can delete prescription	17	delete_prescription
68	Can view prescription	17	view_prescription
69	Can add appointment	18	add_appointment
70	Can change appointment	18	change_appointment
71	Can delete appointment	18	delete_appointment
72	Can view appointment	18	view_appointment
73	Can add meeting	19	add_meeting
74	Can change meeting	19	change_meeting
75	Can delete meeting	19	delete_meeting
76	Can view meeting	19	view_meeting
77	Can add journal entry	20	add_journalentry
78	Can change journal entry	20	change_journalentry
79	Can delete journal entry	20	delete_journalentry
80	Can view journal entry	20	view_journalentry
\.


--
-- Data for Name: auth_user; Type: TABLE DATA; Schema: public; Owner: postgres
--

COPY public.auth_user (id, password, last_login, is_superuser, username, first_name, last_name, email, is_staff, is_active, date_joined) FROM stdin;
3	pbkdf2_sha256$1200000$SDFqhb5wAX20ZFdX7C0uzB$GygqoxwC4pfdJ98t/dXxuJR5l8TzlHRLblUL+vmpMxg=	2026-04-15 22:53:15.402679-04	t	alec				t	t	2026-03-27 10:26:58.279867-04
4	pbkdf2_sha256$1200000$AQfjQhXJNaEbhL3DT62hFF$PwVJSlCBOFzFK0qYsqdg8ZY1bXoCw+LNeERFrCy24DE=	2026-04-28 13:32:37.491595-04	f	Bethany				f	t	2026-03-27 10:31:59-04
5	pbkdf2_sha256$1200000$9aN7OaPwvL38KzBIbtK1Qa$F3UlHaQoNlwnZ2hFPIMAMjeEV2Z6m53stmSU2aBiWVc=	2026-04-28 13:33:34.930241-04	f	Breaden	Brandon	Redden	bread@doctor.com	f	t	2026-03-27 11:16:43-04
2	pbkdf2_sha256$1200000$izQxMwPdKDjnlixvexnAzl$wtG1QtGH45OdTsUBXnywRP+iGdfTG0yFShHhphYgm6g=	2026-04-28 13:38:08.056966-04	f	test@test.com	Test	User	test@test.com	f	t	2026-03-23 09:53:35.78889-04
6	pbkdf2_sha256$1200000$RxpQnc5Se0jNwZJQchaf3u$3/JJrJ+QoeyXQhQRx9GNtw90HNnecd1g9QWW2oh3RO8=	2026-04-28 13:57:59.149757-04	f	brand@anderson.com	Brandon	A	brand@anderson.com	f	t	2026-04-28 13:57:58.370143-04
1	pbkdf2_sha256$1200000$VX3V2jjvKcC2R9511N8QbG$B4eCnzLf/MHTgIVd6L0CWNOkAwQ/Oy9MUvW7tqs55T8=	2026-04-27 14:23:05.974649-04	f	beth@ledford.com	Beth	Ledford	beth@ledford.com	f	t	2026-02-27 13:05:44.471874-05
\.


--
-- Data for Name: auth_user_groups; Type: TABLE DATA; Schema: public; Owner: postgres
--

COPY public.auth_user_groups (id, user_id, group_id) FROM stdin;
1	2	1
2	4	2
3	5	3
4	6	1
\.


--
-- Data for Name: auth_user_user_permissions; Type: TABLE DATA; Schema: public; Owner: postgres
--

COPY public.auth_user_user_permissions (id, user_id, permission_id) FROM stdin;
1	4	53
2	4	54
3	4	55
4	4	56
5	4	57
6	4	58
7	4	59
8	4	60
\.


--
-- Data for Name: django_admin_log; Type: TABLE DATA; Schema: public; Owner: postgres
--

COPY public.django_admin_log (id, action_time, object_id, object_repr, action_flag, change_message, content_type_id, user_id) FROM stdin;
1	2026-03-27 10:32:00.622014-04	4	Bethany	1	[{"added": {}}]	4	3
2	2026-03-27 10:33:27.182891-04	4	Bethany	2	[{"changed": {"fields": ["User permissions"]}}]	4	3
3	2026-03-27 10:34:26.974345-04	2	Receptionist	1	[{"added": {}}]	2	3
4	2026-03-27 10:46:06.714407-04	4	Bethany	2	[{"changed": {"fields": ["Groups"]}}]	4	3
5	2026-03-27 10:47:32.247569-04	3	Doctor	1	[{"added": {}}]	2	3
6	2026-03-27 11:16:44.057847-04	5	Breaden	1	[{"added": {}}]	4	3
7	2026-03-27 11:17:41.899142-04	5	Breaden	2	[{"changed": {"fields": ["First name", "Last name", "Email address", "Groups"]}}]	4	3
\.


--
-- Data for Name: django_content_type; Type: TABLE DATA; Schema: public; Owner: postgres
--

COPY public.django_content_type (id, app_label, model) FROM stdin;
1	admin	logentry
2	auth	group
3	auth	permission
4	auth	user
5	contenttypes	contenttype
6	sessions	session
7	patients	patientprofile
8	doctor	doctorprofile
9	patients	inappnotification
10	patients	conversation
11	patients	message
12	patients	moodentry
13	doctor	teamscall
14	receptionist	appointment
15	receptionist	receptionistprofile
16	receptionist	appointmentrequest
17	doctor	prescription
18	scheduling	appointment
19	scheduling	meeting
20	patients	journalentry
\.


--
-- Data for Name: django_migrations; Type: TABLE DATA; Schema: public; Owner: postgres
--

COPY public.django_migrations (id, app, name, applied) FROM stdin;
1	contenttypes	0001_initial	2026-02-27 12:28:30.692291-05
2	auth	0001_initial	2026-02-27 12:28:30.73784-05
3	admin	0001_initial	2026-02-27 12:28:30.752075-05
4	admin	0002_logentry_remove_auto_add	2026-02-27 12:28:30.760867-05
5	admin	0003_logentry_add_action_flag_choices	2026-02-27 12:28:30.770762-05
6	contenttypes	0002_remove_content_type_name	2026-02-27 12:28:30.791797-05
7	auth	0002_alter_permission_name_max_length	2026-02-27 12:28:30.801629-05
8	auth	0003_alter_user_email_max_length	2026-02-27 12:28:30.810604-05
9	auth	0004_alter_user_username_opts	2026-02-27 12:28:30.819867-05
10	auth	0005_alter_user_last_login_null	2026-02-27 12:28:30.82748-05
11	auth	0006_require_contenttypes_0002	2026-02-27 12:28:30.828589-05
12	auth	0007_alter_validators_add_error_messages	2026-02-27 12:28:30.835338-05
13	auth	0008_alter_user_username_max_length	2026-02-27 12:28:30.844489-05
14	auth	0009_alter_user_last_name_max_length	2026-02-27 12:28:30.852744-05
15	auth	0010_alter_group_name_max_length	2026-02-27 12:28:30.862308-05
16	auth	0011_update_proxy_permissions	2026-02-27 12:28:30.868797-05
17	auth	0012_alter_user_first_name_max_length	2026-02-27 12:28:30.875583-05
18	patients	0001_initial	2026-02-27 12:28:30.887828-05
19	patients	0002_patientprofile_email_notifications_and_more	2026-02-27 12:28:30.943411-05
20	patients	0003_patientprofile_electronic_policy_and_more	2026-02-27 12:28:30.962498-05
21	patients	0004_patientprofile_email_patientprofile_first_name_and_more	2026-02-27 12:28:30.993066-05
22	sessions	0001_initial	2026-02-27 12:28:30.998252-05
23	doctor	0001_initial	2026-03-03 00:09:36.598729-05
24	patients	0005_patientprofile_prescription_alerts	2026-03-04 13:11:08.723658-05
25	patients	0006_inappnotification	2026-03-25 22:57:12.314032-04
26	patients	0007_conversation_message	2026-03-25 23:42:18.040685-04
27	patients	0008_moodentry	2026-03-27 09:38:10.556405-04
28	doctor	0002_teamscall	2026-03-27 09:48:47.113423-04
29	receptionist	0001_initial	2026-03-27 10:08:31.181347-04
30	receptionist	0002_appointmentrequest	2026-03-27 11:00:41.629579-04
31	doctor	0003_prescription	2026-03-27 20:13:24.593595-04
32	doctor	0002_alter_doctorprofile_id	2026-03-29 16:38:45.372318-04
33	doctor	0004_merge_0002_alter_doctorprofile_id_0003_prescription	2026-03-29 16:38:45.385378-04
34	patients	0006_alter_patientprofile_id	2026-03-29 16:38:45.458487-04
35	patients	0009_merge_0006_alter_patientprofile_id_0008_moodentry	2026-03-29 16:38:45.467145-04
36	scheduling	0001_initial	2026-03-29 16:38:45.513832-04
37	scheduling	0002_alter_appointment_id_alter_meeting_id	2026-03-29 16:38:45.562189-04
38	doctor	0003_alter_prescription_id_alter_teamscall_id	2026-04-15 23:10:10.207366-04
39	doctor	0005_merge_20260408_2353	2026-04-15 23:10:10.215363-04
40	doctor	0006_alter_doctorprofile_id_alter_prescription_id_and_more	2026-04-15 23:10:10.346443-04
41	patients	0007_alter_conversation_id_alter_inappnotification_id_and_more	2026-04-15 23:10:10.434625-04
42	patients	0010_merge_20260408_2353	2026-04-15 23:10:10.44242-04
43	patients	0011_alter_conversation_id_alter_inappnotification_id_and_more	2026-04-15 23:10:10.626421-04
44	scheduling	0003_alter_appointment_doctor_alter_appointment_patient	2026-04-15 23:10:10.663386-04
45	scheduling	0004_alter_appointment_id_alter_meeting_id	2026-04-15 23:10:10.70228-04
46	receptionist	0003_appointment_room_name	2026-04-27 11:21:30.376892-04
47	scheduling	0005_appointment_room_name	2026-04-27 11:21:30.429215-04
48	receptionist	0004_add_cancellation_reason	2026-04-27 12:03:46.502541-04
49	receptionist	0005_appointment_is_archived	2026-04-27 12:47:16.371106-04
50	receptionist	0003_meeting_format	2026-04-27 14:25:58.215759-04
51	receptionist	0006_merge_20260427_1825	2026-04-27 14:25:58.217197-04
52	receptionist	0007_remove_appointment_cancellation_reason_and_more	2026-04-28 01:08:55.559132-04
53	receptionist	0007_restore_appointment_fields	2026-04-28 01:29:22.738739-04
\.


--
-- Data for Name: django_session; Type: TABLE DATA; Schema: public; Owner: postgres
--

COPY public.django_session (session_key, session_data, expire_date) FROM stdin;
ln80ijd5elkjod0jb42i3pwpvvc5rcno	.eJxVjEEOwiAQRe_C2hALhGFcuvcMZAZGqRpISrtqvLtt0oVu_3vvryrSMpe4dJnimNVFDer0uzGll9Qd5CfVR9Op1XkaWe-KPmjXt5blfT3cv4NCvWw1DJ6DcSjeOW8F_NlaQLA5uOBRmHOCDRiXslg0iOTYCxCw3FGI1OcLs7Y3nQ:1vw2Dh:dC8d2Rq2p7ISyvhE59rIIogHV74tF1DSltvYHo0gou0	2026-03-13 14:05:45.270865-04
zyz4jlrjm5wr94vh5v9szmvs3awzi8rf	.eJxVjEEOwiAQRe_C2hAYLFCX7nsGMjCDVA0kpV0Z765NutDtf-_9lwi4rSVsnZcwk7iIQZx-t4jpwXUHdMd6azK1ui5zlLsiD9rl1Iif18P9OyjYy7fWMA7Wpmit0j5Hr_NovFLGAaH1ZJw2Bj3yGQAz5sjkgE1mYB8RUhbvD8f4ODA:1w6wvi:8yS6W40Z6gMzG9iR1k-WHqrlqssf6WHi4_apnDAkXjA	2026-04-12 16:40:18.559139-04
0adg6i6fxabe8n284xzomwebr85ytjxk	.eJxVjEEOwiAQRe_C2hDKIBSX7j0DmWGmUjU0Ke3KeHdD0oVu_3vvv1XCfStpb7KmmdVFWXX63QjzU2oH_MB6X3Re6rbOpLuiD9r0bWF5XQ_376BgK72m0YwB2DqxHiDHCNF4ZyyQmwjYTIwBB0ZxnNEzGIfnQGCGHEhCVJ8v12I37w:1wCIYm:UZIwoheobRaetHfoyNj6FhPbeGNUrfIOl4C2lz2XmUo	2026-04-27 10:46:44.845931-04
gfa17feezyhpdbfyfeiv4i1027ok3co8	.eJxVjEEOwiAQRe_C2hDKIBSX7j0DmWGmUjU0Ke3KeHdD0oVu_3vvv1XCfStpb7KmmdVFWXX63QjzU2oH_MB6X3Re6rbOpLuiD9r0bWF5XQ_376BgK72m0YwB2DqxHiDHCNF4ZyyQmwjYTIwBB0ZxnNEzGIfnQGCGHEhCVJ8v12I37w:1wFbt5:c6lhUi__81VfNGaLn7c5Tv1AmNnfWl3yVeALBZbPTEw	2026-05-06 14:01:23.393538-04
\.


--
-- Data for Name: doctor_doctorprofile; Type: TABLE DATA; Schema: public; Owner: postgres
--

COPY public.doctor_doctorprofile (id, first_name, last_name, email, phone_number, doctor_id, accepting_patients, send_lab_results, has_meeting, user_id) FROM stdin;
3	Brandon	Redden	bread@doctor.com	0	0	t	f	f	5
\.


--
-- Data for Name: doctor_prescription; Type: TABLE DATA; Schema: public; Owner: postgres
--

COPY public.doctor_prescription (id, medication, dosage, frequency, duration, instructions, prescribed_at, doctor_id, patient_id) FROM stdin;
\.


--
-- Data for Name: doctor_teamscall; Type: TABLE DATA; Schema: public; Owner: postgres
--

COPY public.doctor_teamscall (id, title, scheduled_at, join_url, teams_meeting_id, status, created_at, doctor_id, patient_id) FROM stdin;
1	Check up	2026-04-27 12:00:00-04			cancelled	2026-04-27 13:14:35.395925-04	3	2
\.


--
-- Data for Name: patients_conversation; Type: TABLE DATA; Schema: public; Owner: postgres
--

COPY public.patients_conversation (id, created_at, updated_at, participant_id, patient_id) FROM stdin;
1	2026-03-27 21:50:47.935675-04	2026-03-27 21:57:02.12955-04	2	2
\.


--
-- Data for Name: patients_inappnotification; Type: TABLE DATA; Schema: public; Owner: postgres
--

COPY public.patients_inappnotification (id, title, message, is_read, created_at, patient_id) FROM stdin;
1	New Appointment: Therapy Session	You have a new appointment scheduled with Dr. New Doctor on Apr 29, 2026 at 4:00 PM. Location: online.	f	2026-03-27 11:14:06.294331-04	2
2	New Appointment: Therapy Session	You have a new appointment scheduled with Dr. New Doctor on Apr 29, 2026 at 4:00 PM. Location: online.	f	2026-03-27 11:14:09.865514-04	2
3	New Appointment: Therapy Session	You have a new appointment scheduled with Dr. New Doctor on Apr 29, 2026 at 4:00 PM. Location: online.	f	2026-03-27 11:14:22.669541-04	2
4	Appointment Confirmed: Therapy Session	Your appointment request has been confirmed. You have an appointment with Dr. New Doctor on Apr 29, 2026 at 4:00 PM.	f	2026-03-27 11:14:48.425871-04	2
5	Appointment Cancelled: Therapy Session	Your appointment with Dr. New Doctor on Apr 29 at 4:00 PM has been cancelled.	f	2026-03-27 11:44:44.553463-04	2
6	Appointment Cancelled: Therapy Session	Your appointment with Dr. New Doctor on Apr 29 at 4:00 PM has been cancelled.	f	2026-03-27 11:44:46.96374-04	2
7	Appointment Cancelled: Therapy Session	Your appointment with Dr. New Doctor on Apr 29 at 4:00 PM has been cancelled.	f	2026-03-27 11:45:08.872676-04	2
8	Appointment Cancelled: Therapy Session	Your appointment with Dr. New Doctor on Apr 29 at 4:00 PM has been cancelled.	f	2026-03-27 11:45:13.237115-04	2
9	Appointment Cancelled: Therapy Session	Your appointment with Dr. New Doctor on Apr 29 at 4:00 PM has been cancelled.	f	2026-03-27 11:45:17.45957-04	2
10	Appointment Request Declined	Your General Consultation request could not be accommodated at this time. Please contact the clinic to reschedule.	f	2026-03-27 21:55:26.363557-04	2
11	Appointment Confirmed: General Consultation	Your appointment request has been confirmed. You have an appointment with Dr. Brandon Redden on Apr 27, 2026 at 4:00 PM.	f	2026-04-27 13:13:36.903838-04	2
12	Meeting Scheduled: Check up	Dr. Brandon Redden has scheduled a Teams call with you on Apr #d, 2026 at #I:00 PM.	f	2026-04-27 13:14:35.398423-04	2
13	Meeting Scheduled: Check up	Dr. Brandon Redden has scheduled a Teams call with you on Apr #d, 2026 at #I:00 PM.	f	2026-04-27 13:14:38.658454-04	2
14	Meeting Cancelled: Check up	Your Teams call with Dr. Brandon Redden scheduled for Apr #d at #I:00 PM has been cancelled.	f	2026-04-27 14:27:07.026004-04	2
15	Appointment Cancelled: General Consultation	Your appointment with Dr. Brandon Redden on Apr 27 at 4:00 PM has been cancelled.	f	2026-04-27 14:28:16.675656-04	2
16	Appointment Confirmed: General Consultation	Your video call request has been confirmed. You have a video call with Dr. Brandon Redden on Apr 27, 2026 at 4:00 PM. Location: online.	f	2026-04-27 14:39:54.438752-04	2
17	Appointment Confirmed: General Consultation	Your appointment request has been confirmed. You have a appointment with Dr. Brandon Redden on Apr 27, 2026 at 5:00 PM. Location: online.	f	2026-04-27 14:41:27.077515-04	2
18	Appointment Updated: General Consultation	Your appointment with Dr. Brandon Redden has been updated. New time: Apr 27, 2026 at 2:41 PM. Status: Scheduled.	f	2026-04-27 14:41:45.372428-04	2
19	Appointment Confirmed: General Consultation	Your video call request has been confirmed. You have a video call with Dr. Brandon Redden on Apr 27, 2026 at 2:53 PM.	f	2026-04-27 14:54:00.317094-04	2
20	Appointment Confirmed: General Consultation	Your appointment request has been confirmed. You have a appointment with Dr. Brandon Redden on Apr 27, 2026 at 3:30 AM. Location: online.	f	2026-04-27 15:25:39.433636-04	2
21	Appointment Cancelled: General Consultation	Your appointment with Dr. Brandon Redden on Apr 27 at 2:41 PM has been cancelled.	f	2026-04-27 15:25:46.437244-04	2
22	Appointment Cancelled: General Consultation	Your appointment with Dr. Brandon Redden on Apr 27 at 2:53 PM has been cancelled.	f	2026-04-27 15:25:51.327739-04	2
23	Appointment Cancelled: General Consultation	Your appointment with Dr. Brandon Redden on Apr 27 at 5:00 PM has been cancelled.	f	2026-04-27 15:25:55.794636-04	2
24	New Appointment: ts	You have a new appointment scheduled with Dr. Brandon Redden on Apr 27, 2026 at 3:33 PM. Location: online.	f	2026-04-27 15:33:50.814479-04	2
25	Appointment Cancelled: General Consultation	Your appointment with Dr. Brandon Redden on Apr 27 at 3:30 AM has been cancelled.	f	2026-04-28 01:53:38.562606-04	2
26	Appointment Cancelled: General Consultation	Your appointment with Dr. Brandon Redden on Apr 27 at 3:30 AM has been cancelled.	f	2026-04-28 01:53:41.862386-04	2
27	Appointment Cancelled: ts	Your appointment with Dr. Brandon Redden on Apr 27 at 3:33 PM has been cancelled.	f	2026-04-28 02:16:01.296787-04	2
28	Appointment Cancelled: ts	Your appointment with Dr. Brandon Redden on Apr 27 at 3:33 PM has been cancelled.	f	2026-04-28 02:16:09.289963-04	2
29	New Appointment: ts	You have a new appointment scheduled with Dr. Brandon Redden on Apr 28, 2026 at 1:32 PM. Location: online.	f	2026-04-28 13:33:14.614324-04	2
\.


--
-- Data for Name: patients_journalentry; Type: TABLE DATA; Schema: public; Owner: postgres
--

COPY public.patients_journalentry (id, text, mood_score, created_at, updated_at, patient_id) FROM stdin;
\.


--
-- Data for Name: patients_message; Type: TABLE DATA; Schema: public; Owner: postgres
--

COPY public.patients_message (id, text, "timestamp", is_read, conversation_id, sender_id) FROM stdin;
1	yoyo	2026-03-27 21:50:51.788745-04	f	1	2
2	what up doc	2026-03-27 21:57:02.12775-04	f	1	2
\.


--
-- Data for Name: patients_moodentry; Type: TABLE DATA; Schema: public; Owner: postgres
--

COPY public.patients_moodentry (id, score, note, logged_at, date, patient_id) FROM stdin;
1	1		2026-03-27 09:38:58.594663-04	2026-03-27	2
2	5		2026-03-27 21:53:37.770017-04	2026-03-28	2
3	1		2026-03-29 16:39:43.48443-04	2026-03-29	2
4	10		2026-04-13 10:47:21.256438-04	2026-04-13	2
5	10		2026-04-15 23:20:48.485823-04	2026-04-16	2
6	10		2026-04-27 11:29:47.542707-04	2026-04-27	2
\.


--
-- Data for Name: patients_patientprofile; Type: TABLE DATA; Schema: public; Owner: postgres
--

COPY public.patients_patientprofile (id, height, weight, blood_type, date_of_birth, allergies, medical_conditions, user_id, email_notifications, lab_result_alerts, large_text_mode, notification_frequency, preferred_language, sms_alerts, track_blood_pressure, track_weight, electronic_policy, private_policy, terms_agreed, email, first_name, last_name, phone_number, prescription_alerts) FROM stdin;
1	5'10	130	A-	2026-02-03			1	f	f	f	Daily Summary	English	f	f	f	f	f	f	beth@ledford.com	Beth	Ledford	(550) 000-0000	f
2	5'10	180	A-	2025-02-04	Peanuts	Asthma	2	f	f	f	daily	English	f	f	f	f	f	t	test@test.com	Test	User	(000) 000-0000	f
3	5'10	190	A-	2026-04-28			6	t	f	f	Daily Summary	English	f	f	f	f	f	f	brand@anderson.com	Brandon	A	(500) 000-0000	t
\.


--
-- Data for Name: receptionist_appointment; Type: TABLE DATA; Schema: public; Owner: postgres
--

COPY public.receptionist_appointment (id, appointment_type, title, scheduled_at, duration_minutes, location, notes, status, created_at, updated_at, doctor_id, patient_id, created_by_id, meeting_format, room_name, cancellation_reason, is_archived) FROM stdin;
5	consultation	General Consultation	2026-04-27 12:00:00-04	60			cancelled	2026-04-27 13:13:36.897642-04	2026-04-27 14:28:18.854136-04	3	2	1	in_person	9a6a0d46-d37b-47bf-9e1a-f038edf96a3d		f
6	consultation	General Consultation	2026-04-27 10:41:00-04	60	online		cancelled	2026-04-27 14:39:54.434845-04	2026-04-27 15:25:48.379104-04	3	2	1	video	8347fd8a-41f0-480f-8fe2-01091c555ea7		f
8	consultation	General Consultation	2026-04-27 10:53:00-04	60			cancelled	2026-04-27 14:54:00.311963-04	2026-04-27 15:25:53.160387-04	3	2	1	video	a92705c0-34d4-47b6-9b2e-6717caf8a0b6		f
7	consultation	General Consultation	2026-04-27 13:00:00-04	60	online		cancelled	2026-04-27 14:41:27.073911-04	2026-04-27 15:25:57.486422-04	3	2	1	in_person	303051d9-8021-401e-a1ea-f4608eae990d		f
9	consultation	General Consultation	2026-04-26 23:30:00-04	60	online		cancelled	2026-04-27 15:25:39.430427-04	2026-04-28 01:53:41.860935-04	3	2	1	in_person	fecdd603-be54-4088-af7a-9828065dfbfb		f
10	consultation	ts	2026-04-27 11:33:00-04	60	online		cancelled	2026-04-27 15:33:50.81294-04	2026-04-28 02:16:09.288824-04	3	2	1	in_person	e7a30324-ca62-4f73-9604-f0368290494b		f
11	consultation	ts	2026-04-28 09:32:00-04	60	online		scheduled	2026-04-28 13:33:14.611481-04	2026-04-28 13:33:14.611492-04	3	2	1	in_person	0508bcb3-8900-4433-a9f9-947334730173		f
\.


--
-- Data for Name: receptionist_appointmentrequest; Type: TABLE DATA; Schema: public; Owner: postgres
--

COPY public.receptionist_appointmentrequest (id, appointment_type, preferred_date, preferred_time, notes, status, created_at, updated_at, booked_appointment_id, patient_id, preferred_doctor_id, meeting_format) FROM stdin;
2	consultation	\N	\N	balbla	declined	2026-03-27 21:54:58.933696-04	2026-03-27 21:55:26.362107-04	\N	2	\N	in_person
1	therapy	2026-04-29	16:00:00		booked	2026-03-27 11:12:05.856785-04	2026-03-27 11:14:48.424097-04	\N	2	\N	in_person
4	consultation	2026-04-27	16:00:00		booked	2026-04-27 12:04:40.708858-04	2026-04-27 13:13:36.902472-04	5	2	\N	in_person
5	consultation	2026-04-27	16:00:00		booked	2026-04-27 14:39:35.328401-04	2026-04-27 14:39:54.436564-04	6	2	\N	video
3	consultation	\N	\N		booked	2026-04-27 11:29:31.025801-04	2026-04-27 14:41:27.075914-04	7	2	\N	in_person
6	consultation	2026-04-27	14:53:00		booked	2026-04-27 14:53:41.205529-04	2026-04-27 14:54:00.314103-04	8	2	\N	video
7	consultation	\N	15:00:00		booked	2026-04-27 14:55:58.152053-04	2026-04-27 15:25:39.43241-04	9	2	\N	in_person
\.


--
-- Data for Name: receptionist_receptionistprofile; Type: TABLE DATA; Schema: public; Owner: postgres
--

COPY public.receptionist_receptionistprofile (id, first_name, last_name, email, phone, user_id) FROM stdin;
1	Bethany				4
\.


--
-- Data for Name: scheduling_appointment; Type: TABLE DATA; Schema: public; Owner: postgres
--

COPY public.scheduling_appointment (id, title, appointment_type, status, start_time, end_time, notes, location, created_at, updated_at, doctor_id, patient_id, room_name) FROM stdin;
\.


--
-- Data for Name: scheduling_meeting; Type: TABLE DATA; Schema: public; Owner: postgres
--

COPY public.scheduling_meeting (id, title, status, start_time, end_time, location, notes, recurrence, recurrence_end_date, created_at, updated_at, doctor_id) FROM stdin;
\.


--
-- Data for Name: scheduling_meeting_attendees; Type: TABLE DATA; Schema: public; Owner: postgres
--

COPY public.scheduling_meeting_attendees (id, meeting_id, doctorprofile_id) FROM stdin;
\.


--
-- Name: auth_group_id_seq; Type: SEQUENCE SET; Schema: public; Owner: postgres
--

SELECT pg_catalog.setval('public.auth_group_id_seq', 3, true);


--
-- Name: auth_group_permissions_id_seq; Type: SEQUENCE SET; Schema: public; Owner: postgres
--

SELECT pg_catalog.setval('public.auth_group_permissions_id_seq', 12, true);


--
-- Name: auth_permission_id_seq; Type: SEQUENCE SET; Schema: public; Owner: postgres
--

SELECT pg_catalog.setval('public.auth_permission_id_seq', 80, true);


--
-- Name: auth_user_groups_id_seq; Type: SEQUENCE SET; Schema: public; Owner: postgres
--

SELECT pg_catalog.setval('public.auth_user_groups_id_seq', 4, true);


--
-- Name: auth_user_id_seq; Type: SEQUENCE SET; Schema: public; Owner: postgres
--

SELECT pg_catalog.setval('public.auth_user_id_seq', 6, true);


--
-- Name: auth_user_user_permissions_id_seq; Type: SEQUENCE SET; Schema: public; Owner: postgres
--

SELECT pg_catalog.setval('public.auth_user_user_permissions_id_seq', 8, true);


--
-- Name: django_admin_log_id_seq; Type: SEQUENCE SET; Schema: public; Owner: postgres
--

SELECT pg_catalog.setval('public.django_admin_log_id_seq', 7, true);


--
-- Name: django_content_type_id_seq; Type: SEQUENCE SET; Schema: public; Owner: postgres
--

SELECT pg_catalog.setval('public.django_content_type_id_seq', 20, true);


--
-- Name: django_migrations_id_seq; Type: SEQUENCE SET; Schema: public; Owner: postgres
--

SELECT pg_catalog.setval('public.django_migrations_id_seq', 53, true);


--
-- Name: doctor_doctorprofile_id_seq; Type: SEQUENCE SET; Schema: public; Owner: postgres
--

SELECT pg_catalog.setval('public.doctor_doctorprofile_id_seq', 4, true);


--
-- Name: doctor_prescription_id_seq; Type: SEQUENCE SET; Schema: public; Owner: postgres
--

SELECT pg_catalog.setval('public.doctor_prescription_id_seq', 1, false);


--
-- Name: doctor_teamscall_id_seq; Type: SEQUENCE SET; Schema: public; Owner: postgres
--

SELECT pg_catalog.setval('public.doctor_teamscall_id_seq', 4, true);


--
-- Name: patients_conversation_id_seq; Type: SEQUENCE SET; Schema: public; Owner: postgres
--

SELECT pg_catalog.setval('public.patients_conversation_id_seq', 1, true);


--
-- Name: patients_inappnotification_id_seq; Type: SEQUENCE SET; Schema: public; Owner: postgres
--

SELECT pg_catalog.setval('public.patients_inappnotification_id_seq', 29, true);


--
-- Name: patients_journalentry_id_seq; Type: SEQUENCE SET; Schema: public; Owner: postgres
--

SELECT pg_catalog.setval('public.patients_journalentry_id_seq', 1, true);


--
-- Name: patients_message_id_seq; Type: SEQUENCE SET; Schema: public; Owner: postgres
--

SELECT pg_catalog.setval('public.patients_message_id_seq', 2, true);


--
-- Name: patients_moodentry_id_seq; Type: SEQUENCE SET; Schema: public; Owner: postgres
--

SELECT pg_catalog.setval('public.patients_moodentry_id_seq', 6, true);


--
-- Name: patients_patientprofile_id_seq; Type: SEQUENCE SET; Schema: public; Owner: postgres
--

SELECT pg_catalog.setval('public.patients_patientprofile_id_seq', 3, true);


--
-- Name: receptionist_appointment_id_seq; Type: SEQUENCE SET; Schema: public; Owner: postgres
--

SELECT pg_catalog.setval('public.receptionist_appointment_id_seq', 11, true);


--
-- Name: receptionist_appointmentrequest_id_seq; Type: SEQUENCE SET; Schema: public; Owner: postgres
--

SELECT pg_catalog.setval('public.receptionist_appointmentrequest_id_seq', 7, true);


--
-- Name: receptionist_receptionistprofile_id_seq; Type: SEQUENCE SET; Schema: public; Owner: postgres
--

SELECT pg_catalog.setval('public.receptionist_receptionistprofile_id_seq', 1, true);


--
-- Name: scheduling_appointment_id_seq; Type: SEQUENCE SET; Schema: public; Owner: postgres
--

SELECT pg_catalog.setval('public.scheduling_appointment_id_seq', 1, false);


--
-- Name: scheduling_meeting_attendees_id_seq; Type: SEQUENCE SET; Schema: public; Owner: postgres
--

SELECT pg_catalog.setval('public.scheduling_meeting_attendees_id_seq', 1, false);


--
-- Name: scheduling_meeting_id_seq; Type: SEQUENCE SET; Schema: public; Owner: postgres
--

SELECT pg_catalog.setval('public.scheduling_meeting_id_seq', 1, false);


--
-- Name: auth_group auth_group_name_key; Type: CONSTRAINT; Schema: public; Owner: postgres
--

ALTER TABLE ONLY public.auth_group
    ADD CONSTRAINT auth_group_name_key UNIQUE (name);


--
-- Name: auth_group_permissions auth_group_permissions_group_id_permission_id_0cd325b0_uniq; Type: CONSTRAINT; Schema: public; Owner: postgres
--

ALTER TABLE ONLY public.auth_group_permissions
    ADD CONSTRAINT auth_group_permissions_group_id_permission_id_0cd325b0_uniq UNIQUE (group_id, permission_id);


--
-- Name: auth_group_permissions auth_group_permissions_pkey; Type: CONSTRAINT; Schema: public; Owner: postgres
--

ALTER TABLE ONLY public.auth_group_permissions
    ADD CONSTRAINT auth_group_permissions_pkey PRIMARY KEY (id);


--
-- Name: auth_group auth_group_pkey; Type: CONSTRAINT; Schema: public; Owner: postgres
--

ALTER TABLE ONLY public.auth_group
    ADD CONSTRAINT auth_group_pkey PRIMARY KEY (id);


--
-- Name: auth_permission auth_permission_content_type_id_codename_01ab375a_uniq; Type: CONSTRAINT; Schema: public; Owner: postgres
--

ALTER TABLE ONLY public.auth_permission
    ADD CONSTRAINT auth_permission_content_type_id_codename_01ab375a_uniq UNIQUE (content_type_id, codename);


--
-- Name: auth_permission auth_permission_pkey; Type: CONSTRAINT; Schema: public; Owner: postgres
--

ALTER TABLE ONLY public.auth_permission
    ADD CONSTRAINT auth_permission_pkey PRIMARY KEY (id);


--
-- Name: auth_user_groups auth_user_groups_pkey; Type: CONSTRAINT; Schema: public; Owner: postgres
--

ALTER TABLE ONLY public.auth_user_groups
    ADD CONSTRAINT auth_user_groups_pkey PRIMARY KEY (id);


--
-- Name: auth_user_groups auth_user_groups_user_id_group_id_94350c0c_uniq; Type: CONSTRAINT; Schema: public; Owner: postgres
--

ALTER TABLE ONLY public.auth_user_groups
    ADD CONSTRAINT auth_user_groups_user_id_group_id_94350c0c_uniq UNIQUE (user_id, group_id);


--
-- Name: auth_user auth_user_pkey; Type: CONSTRAINT; Schema: public; Owner: postgres
--

ALTER TABLE ONLY public.auth_user
    ADD CONSTRAINT auth_user_pkey PRIMARY KEY (id);


--
-- Name: auth_user_user_permissions auth_user_user_permissions_pkey; Type: CONSTRAINT; Schema: public; Owner: postgres
--

ALTER TABLE ONLY public.auth_user_user_permissions
    ADD CONSTRAINT auth_user_user_permissions_pkey PRIMARY KEY (id);


--
-- Name: auth_user_user_permissions auth_user_user_permissions_user_id_permission_id_14a6b632_uniq; Type: CONSTRAINT; Schema: public; Owner: postgres
--

ALTER TABLE ONLY public.auth_user_user_permissions
    ADD CONSTRAINT auth_user_user_permissions_user_id_permission_id_14a6b632_uniq UNIQUE (user_id, permission_id);


--
-- Name: auth_user auth_user_username_key; Type: CONSTRAINT; Schema: public; Owner: postgres
--

ALTER TABLE ONLY public.auth_user
    ADD CONSTRAINT auth_user_username_key UNIQUE (username);


--
-- Name: django_admin_log django_admin_log_pkey; Type: CONSTRAINT; Schema: public; Owner: postgres
--

ALTER TABLE ONLY public.django_admin_log
    ADD CONSTRAINT django_admin_log_pkey PRIMARY KEY (id);


--
-- Name: django_content_type django_content_type_app_label_model_76bd3d3b_uniq; Type: CONSTRAINT; Schema: public; Owner: postgres
--

ALTER TABLE ONLY public.django_content_type
    ADD CONSTRAINT django_content_type_app_label_model_76bd3d3b_uniq UNIQUE (app_label, model);


--
-- Name: django_content_type django_content_type_pkey; Type: CONSTRAINT; Schema: public; Owner: postgres
--

ALTER TABLE ONLY public.django_content_type
    ADD CONSTRAINT django_content_type_pkey PRIMARY KEY (id);


--
-- Name: django_migrations django_migrations_pkey; Type: CONSTRAINT; Schema: public; Owner: postgres
--

ALTER TABLE ONLY public.django_migrations
    ADD CONSTRAINT django_migrations_pkey PRIMARY KEY (id);


--
-- Name: django_session django_session_pkey; Type: CONSTRAINT; Schema: public; Owner: postgres
--

ALTER TABLE ONLY public.django_session
    ADD CONSTRAINT django_session_pkey PRIMARY KEY (session_key);


--
-- Name: doctor_doctorprofile doctor_doctorprofile_pkey; Type: CONSTRAINT; Schema: public; Owner: postgres
--

ALTER TABLE ONLY public.doctor_doctorprofile
    ADD CONSTRAINT doctor_doctorprofile_pkey PRIMARY KEY (id);


--
-- Name: doctor_doctorprofile doctor_doctorprofile_user_id_key; Type: CONSTRAINT; Schema: public; Owner: postgres
--

ALTER TABLE ONLY public.doctor_doctorprofile
    ADD CONSTRAINT doctor_doctorprofile_user_id_key UNIQUE (user_id);


--
-- Name: doctor_prescription doctor_prescription_pkey; Type: CONSTRAINT; Schema: public; Owner: postgres
--

ALTER TABLE ONLY public.doctor_prescription
    ADD CONSTRAINT doctor_prescription_pkey PRIMARY KEY (id);


--
-- Name: doctor_teamscall doctor_teamscall_pkey; Type: CONSTRAINT; Schema: public; Owner: postgres
--

ALTER TABLE ONLY public.doctor_teamscall
    ADD CONSTRAINT doctor_teamscall_pkey PRIMARY KEY (id);


--
-- Name: patients_conversation patients_conversation_patient_id_participant_id_66e6bcaf_uniq; Type: CONSTRAINT; Schema: public; Owner: postgres
--

ALTER TABLE ONLY public.patients_conversation
    ADD CONSTRAINT patients_conversation_patient_id_participant_id_66e6bcaf_uniq UNIQUE (patient_id, participant_id);


--
-- Name: patients_conversation patients_conversation_pkey; Type: CONSTRAINT; Schema: public; Owner: postgres
--

ALTER TABLE ONLY public.patients_conversation
    ADD CONSTRAINT patients_conversation_pkey PRIMARY KEY (id);


--
-- Name: patients_inappnotification patients_inappnotification_pkey; Type: CONSTRAINT; Schema: public; Owner: postgres
--

ALTER TABLE ONLY public.patients_inappnotification
    ADD CONSTRAINT patients_inappnotification_pkey PRIMARY KEY (id);


--
-- Name: patients_journalentry patients_journalentry_pkey; Type: CONSTRAINT; Schema: public; Owner: postgres
--

ALTER TABLE ONLY public.patients_journalentry
    ADD CONSTRAINT patients_journalentry_pkey PRIMARY KEY (id);


--
-- Name: patients_message patients_message_pkey; Type: CONSTRAINT; Schema: public; Owner: postgres
--

ALTER TABLE ONLY public.patients_message
    ADD CONSTRAINT patients_message_pkey PRIMARY KEY (id);


--
-- Name: patients_moodentry patients_moodentry_patient_id_date_884b7906_uniq; Type: CONSTRAINT; Schema: public; Owner: postgres
--

ALTER TABLE ONLY public.patients_moodentry
    ADD CONSTRAINT patients_moodentry_patient_id_date_884b7906_uniq UNIQUE (patient_id, date);


--
-- Name: patients_moodentry patients_moodentry_pkey; Type: CONSTRAINT; Schema: public; Owner: postgres
--

ALTER TABLE ONLY public.patients_moodentry
    ADD CONSTRAINT patients_moodentry_pkey PRIMARY KEY (id);


--
-- Name: patients_patientprofile patients_patientprofile_pkey; Type: CONSTRAINT; Schema: public; Owner: postgres
--

ALTER TABLE ONLY public.patients_patientprofile
    ADD CONSTRAINT patients_patientprofile_pkey PRIMARY KEY (id);


--
-- Name: patients_patientprofile patients_patientprofile_user_id_key; Type: CONSTRAINT; Schema: public; Owner: postgres
--

ALTER TABLE ONLY public.patients_patientprofile
    ADD CONSTRAINT patients_patientprofile_user_id_key UNIQUE (user_id);


--
-- Name: receptionist_appointment receptionist_appointment_pkey; Type: CONSTRAINT; Schema: public; Owner: postgres
--

ALTER TABLE ONLY public.receptionist_appointment
    ADD CONSTRAINT receptionist_appointment_pkey PRIMARY KEY (id);


--
-- Name: receptionist_appointment receptionist_appointment_room_name_1702bdd1_uniq; Type: CONSTRAINT; Schema: public; Owner: postgres
--

ALTER TABLE ONLY public.receptionist_appointment
    ADD CONSTRAINT receptionist_appointment_room_name_1702bdd1_uniq UNIQUE (room_name);


--
-- Name: receptionist_appointmentrequest receptionist_appointmentrequest_booked_appointment_id_key; Type: CONSTRAINT; Schema: public; Owner: postgres
--

ALTER TABLE ONLY public.receptionist_appointmentrequest
    ADD CONSTRAINT receptionist_appointmentrequest_booked_appointment_id_key UNIQUE (booked_appointment_id);


--
-- Name: receptionist_appointmentrequest receptionist_appointmentrequest_pkey; Type: CONSTRAINT; Schema: public; Owner: postgres
--

ALTER TABLE ONLY public.receptionist_appointmentrequest
    ADD CONSTRAINT receptionist_appointmentrequest_pkey PRIMARY KEY (id);


--
-- Name: receptionist_receptionistprofile receptionist_receptionistprofile_pkey; Type: CONSTRAINT; Schema: public; Owner: postgres
--

ALTER TABLE ONLY public.receptionist_receptionistprofile
    ADD CONSTRAINT receptionist_receptionistprofile_pkey PRIMARY KEY (id);


--
-- Name: receptionist_receptionistprofile receptionist_receptionistprofile_user_id_key; Type: CONSTRAINT; Schema: public; Owner: postgres
--

ALTER TABLE ONLY public.receptionist_receptionistprofile
    ADD CONSTRAINT receptionist_receptionistprofile_user_id_key UNIQUE (user_id);


--
-- Name: scheduling_appointment scheduling_appointment_pkey; Type: CONSTRAINT; Schema: public; Owner: postgres
--

ALTER TABLE ONLY public.scheduling_appointment
    ADD CONSTRAINT scheduling_appointment_pkey PRIMARY KEY (id);


--
-- Name: scheduling_appointment scheduling_appointment_room_name_34d51927_uniq; Type: CONSTRAINT; Schema: public; Owner: postgres
--

ALTER TABLE ONLY public.scheduling_appointment
    ADD CONSTRAINT scheduling_appointment_room_name_34d51927_uniq UNIQUE (room_name);


--
-- Name: scheduling_meeting_attendees scheduling_meeting_atten_meeting_id_doctorprofile_2a7295e4_uniq; Type: CONSTRAINT; Schema: public; Owner: postgres
--

ALTER TABLE ONLY public.scheduling_meeting_attendees
    ADD CONSTRAINT scheduling_meeting_atten_meeting_id_doctorprofile_2a7295e4_uniq UNIQUE (meeting_id, doctorprofile_id);


--
-- Name: scheduling_meeting_attendees scheduling_meeting_attendees_pkey; Type: CONSTRAINT; Schema: public; Owner: postgres
--

ALTER TABLE ONLY public.scheduling_meeting_attendees
    ADD CONSTRAINT scheduling_meeting_attendees_pkey PRIMARY KEY (id);


--
-- Name: scheduling_meeting scheduling_meeting_pkey; Type: CONSTRAINT; Schema: public; Owner: postgres
--

ALTER TABLE ONLY public.scheduling_meeting
    ADD CONSTRAINT scheduling_meeting_pkey PRIMARY KEY (id);


--
-- Name: auth_group_name_a6ea08ec_like; Type: INDEX; Schema: public; Owner: postgres
--

CREATE INDEX auth_group_name_a6ea08ec_like ON public.auth_group USING btree (name varchar_pattern_ops);


--
-- Name: auth_group_permissions_group_id_b120cbf9; Type: INDEX; Schema: public; Owner: postgres
--

CREATE INDEX auth_group_permissions_group_id_b120cbf9 ON public.auth_group_permissions USING btree (group_id);


--
-- Name: auth_group_permissions_permission_id_84c5c92e; Type: INDEX; Schema: public; Owner: postgres
--

CREATE INDEX auth_group_permissions_permission_id_84c5c92e ON public.auth_group_permissions USING btree (permission_id);


--
-- Name: auth_permission_content_type_id_2f476e4b; Type: INDEX; Schema: public; Owner: postgres
--

CREATE INDEX auth_permission_content_type_id_2f476e4b ON public.auth_permission USING btree (content_type_id);


--
-- Name: auth_user_groups_group_id_97559544; Type: INDEX; Schema: public; Owner: postgres
--

CREATE INDEX auth_user_groups_group_id_97559544 ON public.auth_user_groups USING btree (group_id);


--
-- Name: auth_user_groups_user_id_6a12ed8b; Type: INDEX; Schema: public; Owner: postgres
--

CREATE INDEX auth_user_groups_user_id_6a12ed8b ON public.auth_user_groups USING btree (user_id);


--
-- Name: auth_user_user_permissions_permission_id_1fbb5f2c; Type: INDEX; Schema: public; Owner: postgres
--

CREATE INDEX auth_user_user_permissions_permission_id_1fbb5f2c ON public.auth_user_user_permissions USING btree (permission_id);


--
-- Name: auth_user_user_permissions_user_id_a95ead1b; Type: INDEX; Schema: public; Owner: postgres
--

CREATE INDEX auth_user_user_permissions_user_id_a95ead1b ON public.auth_user_user_permissions USING btree (user_id);


--
-- Name: auth_user_username_6821ab7c_like; Type: INDEX; Schema: public; Owner: postgres
--

CREATE INDEX auth_user_username_6821ab7c_like ON public.auth_user USING btree (username varchar_pattern_ops);


--
-- Name: django_admin_log_content_type_id_c4bce8eb; Type: INDEX; Schema: public; Owner: postgres
--

CREATE INDEX django_admin_log_content_type_id_c4bce8eb ON public.django_admin_log USING btree (content_type_id);


--
-- Name: django_admin_log_user_id_c564eba6; Type: INDEX; Schema: public; Owner: postgres
--

CREATE INDEX django_admin_log_user_id_c564eba6 ON public.django_admin_log USING btree (user_id);


--
-- Name: django_session_expire_date_a5c62663; Type: INDEX; Schema: public; Owner: postgres
--

CREATE INDEX django_session_expire_date_a5c62663 ON public.django_session USING btree (expire_date);


--
-- Name: django_session_session_key_c0390e0f_like; Type: INDEX; Schema: public; Owner: postgres
--

CREATE INDEX django_session_session_key_c0390e0f_like ON public.django_session USING btree (session_key varchar_pattern_ops);


--
-- Name: doctor_prescription_doctor_id_96631002; Type: INDEX; Schema: public; Owner: postgres
--

CREATE INDEX doctor_prescription_doctor_id_96631002 ON public.doctor_prescription USING btree (doctor_id);


--
-- Name: doctor_prescription_patient_id_39310b7a; Type: INDEX; Schema: public; Owner: postgres
--

CREATE INDEX doctor_prescription_patient_id_39310b7a ON public.doctor_prescription USING btree (patient_id);


--
-- Name: doctor_teamscall_doctor_id_af79b075; Type: INDEX; Schema: public; Owner: postgres
--

CREATE INDEX doctor_teamscall_doctor_id_af79b075 ON public.doctor_teamscall USING btree (doctor_id);


--
-- Name: doctor_teamscall_patient_id_cd31eef2; Type: INDEX; Schema: public; Owner: postgres
--

CREATE INDEX doctor_teamscall_patient_id_cd31eef2 ON public.doctor_teamscall USING btree (patient_id);


--
-- Name: patients_conversation_participant_id_a0a534e5; Type: INDEX; Schema: public; Owner: postgres
--

CREATE INDEX patients_conversation_participant_id_a0a534e5 ON public.patients_conversation USING btree (participant_id);


--
-- Name: patients_conversation_patient_id_2d7c127b; Type: INDEX; Schema: public; Owner: postgres
--

CREATE INDEX patients_conversation_patient_id_2d7c127b ON public.patients_conversation USING btree (patient_id);


--
-- Name: patients_inappnotification_patient_id_4e4d1f43; Type: INDEX; Schema: public; Owner: postgres
--

CREATE INDEX patients_inappnotification_patient_id_4e4d1f43 ON public.patients_inappnotification USING btree (patient_id);


--
-- Name: patients_journalentry_patient_id_bab5326b; Type: INDEX; Schema: public; Owner: postgres
--

CREATE INDEX patients_journalentry_patient_id_bab5326b ON public.patients_journalentry USING btree (patient_id);


--
-- Name: patients_message_conversation_id_6c671191; Type: INDEX; Schema: public; Owner: postgres
--

CREATE INDEX patients_message_conversation_id_6c671191 ON public.patients_message USING btree (conversation_id);


--
-- Name: patients_message_sender_id_45cb0940; Type: INDEX; Schema: public; Owner: postgres
--

CREATE INDEX patients_message_sender_id_45cb0940 ON public.patients_message USING btree (sender_id);


--
-- Name: patients_moodentry_patient_id_fc25f2fa; Type: INDEX; Schema: public; Owner: postgres
--

CREATE INDEX patients_moodentry_patient_id_fc25f2fa ON public.patients_moodentry USING btree (patient_id);


--
-- Name: receptionist_appointment_created_by_id_e8bda987; Type: INDEX; Schema: public; Owner: postgres
--

CREATE INDEX receptionist_appointment_created_by_id_e8bda987 ON public.receptionist_appointment USING btree (created_by_id);


--
-- Name: receptionist_appointment_doctor_id_7c183197; Type: INDEX; Schema: public; Owner: postgres
--

CREATE INDEX receptionist_appointment_doctor_id_7c183197 ON public.receptionist_appointment USING btree (doctor_id);


--
-- Name: receptionist_appointment_patient_id_e18d0fe7; Type: INDEX; Schema: public; Owner: postgres
--

CREATE INDEX receptionist_appointment_patient_id_e18d0fe7 ON public.receptionist_appointment USING btree (patient_id);


--
-- Name: receptionist_appointment_room_name_1702bdd1_like; Type: INDEX; Schema: public; Owner: postgres
--

CREATE INDEX receptionist_appointment_room_name_1702bdd1_like ON public.receptionist_appointment USING btree (room_name varchar_pattern_ops);


--
-- Name: receptionist_appointmentrequest_patient_id_6c8f9fd9; Type: INDEX; Schema: public; Owner: postgres
--

CREATE INDEX receptionist_appointmentrequest_patient_id_6c8f9fd9 ON public.receptionist_appointmentrequest USING btree (patient_id);


--
-- Name: receptionist_appointmentrequest_preferred_doctor_id_7e739845; Type: INDEX; Schema: public; Owner: postgres
--

CREATE INDEX receptionist_appointmentrequest_preferred_doctor_id_7e739845 ON public.receptionist_appointmentrequest USING btree (preferred_doctor_id);


--
-- Name: scheduling_appointment_doctor_id_ffd54d9a; Type: INDEX; Schema: public; Owner: postgres
--

CREATE INDEX scheduling_appointment_doctor_id_ffd54d9a ON public.scheduling_appointment USING btree (doctor_id);


--
-- Name: scheduling_appointment_patient_id_1a2fb708; Type: INDEX; Schema: public; Owner: postgres
--

CREATE INDEX scheduling_appointment_patient_id_1a2fb708 ON public.scheduling_appointment USING btree (patient_id);


--
-- Name: scheduling_appointment_room_name_34d51927_like; Type: INDEX; Schema: public; Owner: postgres
--

CREATE INDEX scheduling_appointment_room_name_34d51927_like ON public.scheduling_appointment USING btree (room_name varchar_pattern_ops);


--
-- Name: scheduling_meeting_attendees_doctorprofile_id_ee072c19; Type: INDEX; Schema: public; Owner: postgres
--

CREATE INDEX scheduling_meeting_attendees_doctorprofile_id_ee072c19 ON public.scheduling_meeting_attendees USING btree (doctorprofile_id);


--
-- Name: scheduling_meeting_attendees_meeting_id_2e9156ed; Type: INDEX; Schema: public; Owner: postgres
--

CREATE INDEX scheduling_meeting_attendees_meeting_id_2e9156ed ON public.scheduling_meeting_attendees USING btree (meeting_id);


--
-- Name: scheduling_meeting_doctor_id_246e50b2; Type: INDEX; Schema: public; Owner: postgres
--

CREATE INDEX scheduling_meeting_doctor_id_246e50b2 ON public.scheduling_meeting USING btree (doctor_id);


--
-- Name: auth_group_permissions auth_group_permissio_permission_id_84c5c92e_fk_auth_perm; Type: FK CONSTRAINT; Schema: public; Owner: postgres
--

ALTER TABLE ONLY public.auth_group_permissions
    ADD CONSTRAINT auth_group_permissio_permission_id_84c5c92e_fk_auth_perm FOREIGN KEY (permission_id) REFERENCES public.auth_permission(id) DEFERRABLE INITIALLY DEFERRED;


--
-- Name: auth_group_permissions auth_group_permissions_group_id_b120cbf9_fk_auth_group_id; Type: FK CONSTRAINT; Schema: public; Owner: postgres
--

ALTER TABLE ONLY public.auth_group_permissions
    ADD CONSTRAINT auth_group_permissions_group_id_b120cbf9_fk_auth_group_id FOREIGN KEY (group_id) REFERENCES public.auth_group(id) DEFERRABLE INITIALLY DEFERRED;


--
-- Name: auth_permission auth_permission_content_type_id_2f476e4b_fk_django_co; Type: FK CONSTRAINT; Schema: public; Owner: postgres
--

ALTER TABLE ONLY public.auth_permission
    ADD CONSTRAINT auth_permission_content_type_id_2f476e4b_fk_django_co FOREIGN KEY (content_type_id) REFERENCES public.django_content_type(id) DEFERRABLE INITIALLY DEFERRED;


--
-- Name: auth_user_groups auth_user_groups_group_id_97559544_fk_auth_group_id; Type: FK CONSTRAINT; Schema: public; Owner: postgres
--

ALTER TABLE ONLY public.auth_user_groups
    ADD CONSTRAINT auth_user_groups_group_id_97559544_fk_auth_group_id FOREIGN KEY (group_id) REFERENCES public.auth_group(id) DEFERRABLE INITIALLY DEFERRED;


--
-- Name: auth_user_groups auth_user_groups_user_id_6a12ed8b_fk_auth_user_id; Type: FK CONSTRAINT; Schema: public; Owner: postgres
--

ALTER TABLE ONLY public.auth_user_groups
    ADD CONSTRAINT auth_user_groups_user_id_6a12ed8b_fk_auth_user_id FOREIGN KEY (user_id) REFERENCES public.auth_user(id) DEFERRABLE INITIALLY DEFERRED;


--
-- Name: auth_user_user_permissions auth_user_user_permi_permission_id_1fbb5f2c_fk_auth_perm; Type: FK CONSTRAINT; Schema: public; Owner: postgres
--

ALTER TABLE ONLY public.auth_user_user_permissions
    ADD CONSTRAINT auth_user_user_permi_permission_id_1fbb5f2c_fk_auth_perm FOREIGN KEY (permission_id) REFERENCES public.auth_permission(id) DEFERRABLE INITIALLY DEFERRED;


--
-- Name: auth_user_user_permissions auth_user_user_permissions_user_id_a95ead1b_fk_auth_user_id; Type: FK CONSTRAINT; Schema: public; Owner: postgres
--

ALTER TABLE ONLY public.auth_user_user_permissions
    ADD CONSTRAINT auth_user_user_permissions_user_id_a95ead1b_fk_auth_user_id FOREIGN KEY (user_id) REFERENCES public.auth_user(id) DEFERRABLE INITIALLY DEFERRED;


--
-- Name: django_admin_log django_admin_log_content_type_id_c4bce8eb_fk_django_co; Type: FK CONSTRAINT; Schema: public; Owner: postgres
--

ALTER TABLE ONLY public.django_admin_log
    ADD CONSTRAINT django_admin_log_content_type_id_c4bce8eb_fk_django_co FOREIGN KEY (content_type_id) REFERENCES public.django_content_type(id) DEFERRABLE INITIALLY DEFERRED;


--
-- Name: django_admin_log django_admin_log_user_id_c564eba6_fk_auth_user_id; Type: FK CONSTRAINT; Schema: public; Owner: postgres
--

ALTER TABLE ONLY public.django_admin_log
    ADD CONSTRAINT django_admin_log_user_id_c564eba6_fk_auth_user_id FOREIGN KEY (user_id) REFERENCES public.auth_user(id) DEFERRABLE INITIALLY DEFERRED;


--
-- Name: doctor_doctorprofile doctor_doctorprofile_user_id_42aa5af1_fk_auth_user_id; Type: FK CONSTRAINT; Schema: public; Owner: postgres
--

ALTER TABLE ONLY public.doctor_doctorprofile
    ADD CONSTRAINT doctor_doctorprofile_user_id_42aa5af1_fk_auth_user_id FOREIGN KEY (user_id) REFERENCES public.auth_user(id) DEFERRABLE INITIALLY DEFERRED;


--
-- Name: doctor_prescription doctor_prescription_doctor_id_96631002_fk; Type: FK CONSTRAINT; Schema: public; Owner: postgres
--

ALTER TABLE ONLY public.doctor_prescription
    ADD CONSTRAINT doctor_prescription_doctor_id_96631002_fk FOREIGN KEY (doctor_id) REFERENCES public.doctor_doctorprofile(id) DEFERRABLE INITIALLY DEFERRED;


--
-- Name: doctor_prescription doctor_prescription_patient_id_39310b7a_fk; Type: FK CONSTRAINT; Schema: public; Owner: postgres
--

ALTER TABLE ONLY public.doctor_prescription
    ADD CONSTRAINT doctor_prescription_patient_id_39310b7a_fk FOREIGN KEY (patient_id) REFERENCES public.patients_patientprofile(id) DEFERRABLE INITIALLY DEFERRED;


--
-- Name: doctor_teamscall doctor_teamscall_doctor_id_af79b075_fk; Type: FK CONSTRAINT; Schema: public; Owner: postgres
--

ALTER TABLE ONLY public.doctor_teamscall
    ADD CONSTRAINT doctor_teamscall_doctor_id_af79b075_fk FOREIGN KEY (doctor_id) REFERENCES public.doctor_doctorprofile(id) DEFERRABLE INITIALLY DEFERRED;


--
-- Name: doctor_teamscall doctor_teamscall_patient_id_cd31eef2_fk; Type: FK CONSTRAINT; Schema: public; Owner: postgres
--

ALTER TABLE ONLY public.doctor_teamscall
    ADD CONSTRAINT doctor_teamscall_patient_id_cd31eef2_fk FOREIGN KEY (patient_id) REFERENCES public.patients_patientprofile(id) DEFERRABLE INITIALLY DEFERRED;


--
-- Name: patients_conversation patients_conversation_participant_id_a0a534e5_fk_auth_user_id; Type: FK CONSTRAINT; Schema: public; Owner: postgres
--

ALTER TABLE ONLY public.patients_conversation
    ADD CONSTRAINT patients_conversation_participant_id_a0a534e5_fk_auth_user_id FOREIGN KEY (participant_id) REFERENCES public.auth_user(id) DEFERRABLE INITIALLY DEFERRED;


--
-- Name: patients_conversation patients_conversation_patient_id_2d7c127b_fk; Type: FK CONSTRAINT; Schema: public; Owner: postgres
--

ALTER TABLE ONLY public.patients_conversation
    ADD CONSTRAINT patients_conversation_patient_id_2d7c127b_fk FOREIGN KEY (patient_id) REFERENCES public.patients_patientprofile(id) DEFERRABLE INITIALLY DEFERRED;


--
-- Name: patients_inappnotification patients_inappnotification_patient_id_4e4d1f43_fk; Type: FK CONSTRAINT; Schema: public; Owner: postgres
--

ALTER TABLE ONLY public.patients_inappnotification
    ADD CONSTRAINT patients_inappnotification_patient_id_4e4d1f43_fk FOREIGN KEY (patient_id) REFERENCES public.patients_patientprofile(id) DEFERRABLE INITIALLY DEFERRED;


--
-- Name: patients_journalentry patients_journalentr_patient_id_bab5326b_fk_patients_; Type: FK CONSTRAINT; Schema: public; Owner: postgres
--

ALTER TABLE ONLY public.patients_journalentry
    ADD CONSTRAINT patients_journalentr_patient_id_bab5326b_fk_patients_ FOREIGN KEY (patient_id) REFERENCES public.patients_patientprofile(id) DEFERRABLE INITIALLY DEFERRED;


--
-- Name: patients_message patients_message_conversation_id_6c671191_fk; Type: FK CONSTRAINT; Schema: public; Owner: postgres
--

ALTER TABLE ONLY public.patients_message
    ADD CONSTRAINT patients_message_conversation_id_6c671191_fk FOREIGN KEY (conversation_id) REFERENCES public.patients_conversation(id) DEFERRABLE INITIALLY DEFERRED;


--
-- Name: patients_message patients_message_sender_id_45cb0940_fk_auth_user_id; Type: FK CONSTRAINT; Schema: public; Owner: postgres
--

ALTER TABLE ONLY public.patients_message
    ADD CONSTRAINT patients_message_sender_id_45cb0940_fk_auth_user_id FOREIGN KEY (sender_id) REFERENCES public.auth_user(id) DEFERRABLE INITIALLY DEFERRED;


--
-- Name: patients_moodentry patients_moodentry_patient_id_fc25f2fa_fk; Type: FK CONSTRAINT; Schema: public; Owner: postgres
--

ALTER TABLE ONLY public.patients_moodentry
    ADD CONSTRAINT patients_moodentry_patient_id_fc25f2fa_fk FOREIGN KEY (patient_id) REFERENCES public.patients_patientprofile(id) DEFERRABLE INITIALLY DEFERRED;


--
-- Name: patients_patientprofile patients_patientprofile_user_id_61c3977d_fk_auth_user_id; Type: FK CONSTRAINT; Schema: public; Owner: postgres
--

ALTER TABLE ONLY public.patients_patientprofile
    ADD CONSTRAINT patients_patientprofile_user_id_61c3977d_fk_auth_user_id FOREIGN KEY (user_id) REFERENCES public.auth_user(id) DEFERRABLE INITIALLY DEFERRED;


--
-- Name: receptionist_appointmentrequest receptionist_appoint_booked_appointment_i_645362ea_fk_reception; Type: FK CONSTRAINT; Schema: public; Owner: postgres
--

ALTER TABLE ONLY public.receptionist_appointmentrequest
    ADD CONSTRAINT receptionist_appoint_booked_appointment_i_645362ea_fk_reception FOREIGN KEY (booked_appointment_id) REFERENCES public.receptionist_appointment(id) DEFERRABLE INITIALLY DEFERRED;


--
-- Name: receptionist_appointment receptionist_appoint_created_by_id_e8bda987_fk_reception; Type: FK CONSTRAINT; Schema: public; Owner: postgres
--

ALTER TABLE ONLY public.receptionist_appointment
    ADD CONSTRAINT receptionist_appoint_created_by_id_e8bda987_fk_reception FOREIGN KEY (created_by_id) REFERENCES public.receptionist_receptionistprofile(id) DEFERRABLE INITIALLY DEFERRED;


--
-- Name: receptionist_appointment receptionist_appointment_doctor_id_7c183197_fk; Type: FK CONSTRAINT; Schema: public; Owner: postgres
--

ALTER TABLE ONLY public.receptionist_appointment
    ADD CONSTRAINT receptionist_appointment_doctor_id_7c183197_fk FOREIGN KEY (doctor_id) REFERENCES public.doctor_doctorprofile(id) DEFERRABLE INITIALLY DEFERRED;


--
-- Name: receptionist_appointment receptionist_appointment_patient_id_e18d0fe7_fk; Type: FK CONSTRAINT; Schema: public; Owner: postgres
--

ALTER TABLE ONLY public.receptionist_appointment
    ADD CONSTRAINT receptionist_appointment_patient_id_e18d0fe7_fk FOREIGN KEY (patient_id) REFERENCES public.patients_patientprofile(id) DEFERRABLE INITIALLY DEFERRED;


--
-- Name: receptionist_appointmentrequest receptionist_appointmentrequest_patient_id_6c8f9fd9_fk; Type: FK CONSTRAINT; Schema: public; Owner: postgres
--

ALTER TABLE ONLY public.receptionist_appointmentrequest
    ADD CONSTRAINT receptionist_appointmentrequest_patient_id_6c8f9fd9_fk FOREIGN KEY (patient_id) REFERENCES public.patients_patientprofile(id) DEFERRABLE INITIALLY DEFERRED;


--
-- Name: receptionist_appointmentrequest receptionist_appointmentrequest_preferred_doctor_id_7e739845_fk; Type: FK CONSTRAINT; Schema: public; Owner: postgres
--

ALTER TABLE ONLY public.receptionist_appointmentrequest
    ADD CONSTRAINT receptionist_appointmentrequest_preferred_doctor_id_7e739845_fk FOREIGN KEY (preferred_doctor_id) REFERENCES public.doctor_doctorprofile(id) DEFERRABLE INITIALLY DEFERRED;


--
-- Name: receptionist_receptionistprofile receptionist_recepti_user_id_56d39e8e_fk_auth_user; Type: FK CONSTRAINT; Schema: public; Owner: postgres
--

ALTER TABLE ONLY public.receptionist_receptionistprofile
    ADD CONSTRAINT receptionist_recepti_user_id_56d39e8e_fk_auth_user FOREIGN KEY (user_id) REFERENCES public.auth_user(id) DEFERRABLE INITIALLY DEFERRED;


--
-- Name: scheduling_appointment scheduling_appointment_doctor_id_ffd54d9a_fk; Type: FK CONSTRAINT; Schema: public; Owner: postgres
--

ALTER TABLE ONLY public.scheduling_appointment
    ADD CONSTRAINT scheduling_appointment_doctor_id_ffd54d9a_fk FOREIGN KEY (doctor_id) REFERENCES public.doctor_doctorprofile(id) DEFERRABLE INITIALLY DEFERRED;


--
-- Name: scheduling_appointment scheduling_appointment_patient_id_1a2fb708_fk; Type: FK CONSTRAINT; Schema: public; Owner: postgres
--

ALTER TABLE ONLY public.scheduling_appointment
    ADD CONSTRAINT scheduling_appointment_patient_id_1a2fb708_fk FOREIGN KEY (patient_id) REFERENCES public.patients_patientprofile(id) DEFERRABLE INITIALLY DEFERRED;


--
-- Name: scheduling_meeting_attendees scheduling_meeting_attendees_doctorprofile_id_ee072c19_fk; Type: FK CONSTRAINT; Schema: public; Owner: postgres
--

ALTER TABLE ONLY public.scheduling_meeting_attendees
    ADD CONSTRAINT scheduling_meeting_attendees_doctorprofile_id_ee072c19_fk FOREIGN KEY (doctorprofile_id) REFERENCES public.doctor_doctorprofile(id) DEFERRABLE INITIALLY DEFERRED;


--
-- Name: scheduling_meeting_attendees scheduling_meeting_attendees_meeting_id_2e9156ed_fk; Type: FK CONSTRAINT; Schema: public; Owner: postgres
--

ALTER TABLE ONLY public.scheduling_meeting_attendees
    ADD CONSTRAINT scheduling_meeting_attendees_meeting_id_2e9156ed_fk FOREIGN KEY (meeting_id) REFERENCES public.scheduling_meeting(id) DEFERRABLE INITIALLY DEFERRED;


--
-- Name: scheduling_meeting scheduling_meeting_doctor_id_246e50b2_fk; Type: FK CONSTRAINT; Schema: public; Owner: postgres
--

ALTER TABLE ONLY public.scheduling_meeting
    ADD CONSTRAINT scheduling_meeting_doctor_id_246e50b2_fk FOREIGN KEY (doctor_id) REFERENCES public.doctor_doctorprofile(id) DEFERRABLE INITIALLY DEFERRED;


--
-- PostgreSQL database dump complete
--

\unrestrict KYdpKqgLTNaGMCs8IhoxJd7KEoaqXjq7hwak3cL0tieZdMnY2lt2c0ZyFFnipc9

